rank,id,description,weighted_score,shortlist_flag
3,OPT-01,Lekki FTZ NG J624 N+2 15MW Tier IV,8.1,Shortlist 3rd
2,OPT-05,Lekki FTZ NG J624 N+2 10MW Tier III,7.25,Shortlist 2nd
1,OPT-02,Lekki FTZ NG J624 N+1 15MW Tier III,7.86,Shortlist 1st
4,OPT-07,Lekki FTZ 80/20 NG Solar BESS hybrid,7.2,Eliminated
5,OPT-04,Ibeju-Lekki non-FTZ NG J624 N+2 15MW,6.58,Eliminated
6,OPT-03,Lekki FTZ 2xLM2500 GT N+1 15MW,6.53,Eliminated
7,OPT-08,Port Harcourt FTZ NG J624 N+2 15MW,6.19,Eliminated
8,OPT-09,Lekki FTZ HFO engines 15MW,5.19,Eliminated
9,OPT-10,Lekki FTZ Grid-only 330kV 15MW,4.95,Eliminated
10,OPT-06,Lekki FTZ Solar 4h BESS only 15MW,4.78,Eliminated
