Year,Avg_IT_Utilization,IT_Load_MW,Gross_Load_MW,Annual_Generation_MWh,Capacity_Factor
1,0.85,12.75,15.045,131794.2,0.8358333333333333
2,0.9,13.5,15.93,139546.8,0.885
3,0.95,14.25,16.814999999999998,147299.4,0.9341666666666666
4,0.95,14.25,16.814999999999998,147299.4,0.9341666666666666
5,0.95,14.25,16.814999999999998,147299.4,0.9341666666666666
6,0.95,14.25,16.814999999999998,147299.4,0.9341666666666666
7,0.95,14.25,16.814999999999998,147299.4,0.9341666666666666
8,0.95,14.25,16.814999999999998,147299.4,0.9341666666666666
9,0.95,14.25,16.814999999999998,147299.4,0.9341666666666666
10,0.95,14.25,16.814999999999998,147299.4,0.9341666666666666
