Name,Type,Latitude,Longitude,Notes,State,Facility_Type,Source_URL
Warri Port,Origin,5.521774,5.722743,Nigerian Ports Authority - NPA Express Road Warri Delta State,Delta,Commercial/multipurpose port,https://www.wilhelmsen.com/contacts-locations/locations/africa/nigeria/ports/warri/
Onne Port,Origin,4.707389,7.155038,Onne Port Complex Rivers State - major oil and gas logistics hub,Rivers,Commercial/multipurpose port,https://nigerianports.gov.ng/onne/
Brass Port,Origin,4.3077728,6.2455597,Bayelsa State. Specialized marine/oil terminal location; adds a geographically distinct Bayelsa option. Treat as specialized rather than a full general-cargo alternative.,Bayelsa,Oil & gas port,https://www.wilhelmsen.com/contacts-locations/locations/africa/nigeria/ports/brass/
Burutu Port,Origin,5.35000,5.50000,"Delta State. NPA Delta Port Complex terminal; multipurpose river port. A useful western Delta alternative, but smaller and more constrained than Warri/Onne-class facilities.",Delta,Multipurpose river port,https://nigerianports.gov.ng/delta/terminal-operators/
Escravos Port / Oil Terminal,Origin,5.60821,5.19310,"Delta State. Specialized oil-and-gas marine terminal; not equivalent to a general cargo port, but relevant for oil-and-gas project logistics and offshore support access.",Delta,Oil & gas terminal,https://magicport.ai/ports/nigeria/escravos-port-ngesc
Forcados Port,Origin,5.24000,5.35000,"Delta State. River seaport/energy-export location; useful as a Niger Delta maritime access point, but more specialized than a general cargo port.",Delta,Specialized river/oil port,https://magicport.ai/ports/nigeria/forcados-port-ngfor
Koko Port,Origin,5.99755,5.46368,Delta State. NPA Delta Port Complex terminal; multipurpose port. Useful as a distinct logistics/import access point.,Delta,Multipurpose port,https://magicport.ai/ports/nigeria/koko-port-ngkok
Sapele Port,Origin,5.90450,5.67250,Delta State. NPA Delta Port Complex; multipurpose river port. Shallow/river-port characteristics make it a secondary logistics option rather than a deep-sea substitute.,Delta,Multipurpose river port,https://magicport.ai/ports/nigeria/sapele-port-ngspl
Bonny Port,Origin,4.426257,7.145440,"Rivers State. Port area serving LNG/oil and general-cargo functions; NPA documents include LNG, condensate and material-offloading facilities. Specialized but highly relevant to energy logistics.",Rivers,Energy/multipurpose port area,https://www.wilhelmsen.com/contacts-locations/locations/africa/nigeria/ports/bonny/
Okrika Port,Origin,4.720413,7.083969,"Rivers State. Established port location in the Port Harcourt pilotage district; useful as an additional regional maritime access point, particularly for energy logistics.",Rivers,Port / energy logistics,https://www.wilhelmsen.com/contacts-locations/locations/africa/nigeria/ports/okrika/
Port Harcourt Port,Origin,4.764344,7.004594,Rivers State. NPA Rivers Port Complex; major commercial port with multiple berths/terminal operators. Strong logistics candidate.,Rivers,Commercial port,https://www.wilhelmsen.com/contacts-locations/locations/africa/nigeria/ports/port-harcourt/
