OID_,Name,OriginID,DestinationID,DestinationRank,Total_Length,Shape_Length
1,Warri Port - Location 3,18,9,1,73752.387975077857845,55955.890239318003296
2,Warri Port - Location 2,18,8,2,77372.158447799098212,60414.657434402251965
3,Warri Port - Location 1,18,7,3,89267.023598930216394,60368.445201755122980
4,Onne Port - Location 3,19,9,1,279344.290895686717704,225567.682341339561390
5,Onne Port - Location 2,19,8,2,282964.061368407856207,227434.168809395632707
6,Onne Port - Location 1,19,7,3,294858.926519538508728,233192.414147005561972
7,Koko Port - Location 3,24,9,1,19596.861774141409114,14082.006187590755871
8,Koko Port - Location 2,24,8,2,38792.077061178868462,17057.788591781201831
9,Koko Port - Location 1,24,7,3,50686.942212309972092,6447.345995997253340
10,Sapele Port - Location 3,25,9,1,36289.960108514278545,14770.615561383783643
11,Sapele Port - Location 2,25,8,2,39909.730581235489808,18182.279226630609628
12,Sapele Port - Location 1,25,7,3,51804.595732366600714,22042.436785893769411
13,Okrika Port - Location 3,27,9,1,269928.911973871872760,218621.896559073036769
14,Okrika Port - Location 2,27,8,2,273548.682446592953056,220579.829925164405722
15,Okrika Port - Location 1,27,7,3,285443.547597723605577,226177.663810755009763
16,Port Harcourt Port - Location 3,28,9,1,253560.687241688894574,208790.673906165320659
17,Port Harcourt Port - Location 2,28,8,2,257180.457714410091285,210800.523574819235364
18,Port Harcourt Port - Location 1,28,7,3,269075.322865541500505,216308.476702719490277
